Model,Val_MAE,Val_RMSE,Val_R²,Test_MAE,Test_RMSE,Test_R²,Baseline_Test_MAE,Improvement_pct
LightGBM_Tuned,2.212669901898528,9.33323246679032,0.8341469513366295,2.262428104195322,9.806624851532007,0.8369341421769849,2.4532622552746326,7.778791308145222
