Model,MAE,RMSE,R²
LightGBM_Tuned,2.212669901898528,9.33323246679032,0.8341469513366295
XGBoost,2.2391012692286645,9.375699503489429,0.8326342254249524
LightGBM,2.241014448506453,9.34086719128542,0.8338754997810492
Random Forest,2.2494389633268788,9.359216719441916,0.8332221770794767
MA-7 (Baseline),2.447228248988226,10.011096881003514,0.8091805581465659
Ridge,2.4975663481108077,9.796070149143558,0.8172896853108661
Naive (Baseline),3.0171373763520384,12.922619507791175,0.6820488448555047
